run_id,run_date,run_time,agent_name,trigger_type,cases_processed,cases_created,cases_rejected,cases_updated,sources_checked,sources_failed,actions_taken,approval_cards_created,receipts_created,errors,warnings,runtime_seconds,status,notes
RUN-001,2026-06-30,06:00:00,radar_agent,scheduled_daily,0,4,0,0,8,2,4,0,0,0,"2 sources paywalled (Tender Tiger, NSIC SPMS) — logged",45,SUCCESS,"Daily scan complete. 4 new cases created: GOV-20260630-001,002 | EXP-20260630-001,002"
RUN-002,2026-06-30,06:46:00,fast_kill_agent,triggered_by_radar,4,0,1,3,0,0,3,0,1,0,GOV-20260630-002 rejected on 2 kill rules,12,SUCCESS,Fast kill complete. 1 rejected. 3 surviving for next steps.
RUN-003,2026-06-30,07:00:00,deep_read_agent,triggered_by_fast_kill,1,0,0,1,0,0,1,0,0,0,,28,SUCCESS,Deep read complete for GOV-20260630-001. Case report generated.
RUN-004,2026-06-30,07:30:00,supplier_engine_agent,triggered_by_deep_read,2,0,0,2,5,0,4,0,0,0,Minimum 5 candidates needed for EXP-20260630-001 — still searching,180,SUCCESS,Supplier search in progress. 3 quotes received so far.
RUN-005,2026-06-30,08:00:00,pricing_agent,triggered_by_supplier_engine,1,0,0,1,0,0,1,0,0,0,,18,SUCCESS,Pricing complete for EXP-20260630-002. 2 quote proofs received.
RUN-006,2026-06-30,08:20:00,pack_builder_agent,triggered_by_pricing,1,0,0,1,0,0,1,1,0,0,,35,SUCCESS,Pack built for EXP-20260630-002. Approval card created.
RUN-007,2026-06-30,08:55:00,owner_briefing_agent,scheduled_daily,4,0,0,0,0,0,1,0,0,0,,22,SUCCESS,Daily brief generated: outputs/daily_briefs/brief_20260630.html
RUN-20260630013051,2026-06-30,01:30:51,agent_loop_builder,on_demand,0,0,0,0,0,0,created_agent_loop_registry_and_validator,0,0,0,0,0,SUCCESS,Added config/agent_loops.json; workflows/agent_loop_runtime.md; scripts/validate_agent_loops.py; updated README.md and codex/codex_runtime_instructions.md. Validation passed.
RUN-20260630014250,2026-06-30,01:42:50,agent_loop_scheduler,on_demand,0,0,0,0,0,0,created_loop_schedule_and_app_automations,0,0,0,0,0,SUCCESS,Added config/loop_schedule.json; workflows/agent_loop_schedule.md; scripts/validate_loop_schedule.py; scheduled_daily_autopilot_prompt.md; scheduled_intraday_monitor_prompt.md. Created Codex automations tender-export-os-daily-autopilot and tender-export-os-intra-day-monitor. Validation passed.
RUN-20260630020311,2026-06-30,02:03:11,update_master_case,manual,1,0,0,1,0,0,update_case:GOV-20260630-001:{'status': 'PRICING_READY'},0,0,0,0,0,SUCCESS,Manual update to case GOV-20260630-001: {'status': 'PRICING_READY'}
RUN-20260630022425,2026-06-30,02:24:25,codex_plugin_inventory_documenter,on_demand,0,0,0,0,272,0,generated_codex_plugins_reference,0,0,0,0,1,SUCCESS,"Generated CODEX_PLUGINS_REFERENCE.md from codex plugin list --available --json; installed=143, enabled=124, disabled=19, available=129."
RUN-20260630035126,2026-06-30,03:51:26,owner_briefing_agent,manual_or_cron,0,0,0,0,0,0,generate_daily_brief,0,0,0,4,0,SUCCESS,Generated /Users/raghav/Downloads/tender_export_os_v3_1_runtime_system/scripts/../outputs/daily_briefs/brief_20260630.html; pending_approvals=2; risk_items=4
RUN-20260630035252,2026-06-30,03:52:52,owner_briefing_agent,manual_or_cron,0,0,0,0,0,0,generate_daily_brief,0,0,0,4,0,SUCCESS,Generated /Users/raghav/Downloads/tender_export_os_v3_1_runtime_system/scripts/../outputs/daily_briefs/brief_20260630.html; pending_approvals=2; risk_items=4
RUN-20260630035831,2026-06-30,03:58:31,owner_briefing_agent,manual_or_cron,0,0,0,0,0,0,generate_daily_brief,0,0,0,4,0,SUCCESS,Generated /Users/raghav/Downloads/tender_export_os_v3_1_runtime_system/scripts/../outputs/daily_briefs/brief_20260630.html; pending_approvals=2; risk_items=4
RUN-20260630040518,2026-06-30,04:05:18,owner_briefing_agent,manual_or_cron,0,0,0,0,0,0,generate_daily_brief,0,0,0,3,0,SUCCESS,Generated /Users/raghav/Downloads/tender_export_os_v3_1_runtime_system/scripts/../outputs/daily_briefs/brief_20260630.html; pending_approvals=2; risk_items=3
RUN-20260630050912,2026-06-30,05:09:12,owner_briefing_agent,manual_or_cron,0,0,0,0,0,0,generate_daily_brief,0,0,0,3,0,SUCCESS,Generated /Users/raghav/Downloads/tender_export_os_v3_1_runtime_system/scripts/../outputs/daily_briefs/brief_20260630.html; pending_approvals=2; risk_items=3
RUN-20260630050944,2026-06-30,05:09:44,hermes-chief-operator,owner_requested_upgrade,3,0,0,3,0,0,created_case_workspaces_evidence_bundles_task_graphs_cron_jobs_approval_json_docs,2,0,0,cron_delivery_local_only_in_tui,0,SUCCESS,Max-capability upgrade implemented: 5 cron jobs scheduled; 3 case workspaces/evidence bundles created; 30 linked Kanban tasks created; structured approval JSON/schema added; quick command and roadmap docs added; validation passed.
RUN-20260630053042,2026-06-30,,hermes_agent_excellence_tuner,owner_goal,,0,,0,8,3,,,,,,,SUCCESS,"Tuned all 12 agent prompts with best-in-class professional standards; added docs/AGENT_EXCELLENCE_SYSTEM.md and config/agent_capability_routing.yaml; mapped local Claude plugin and Accio skill libraries; updated README, AGENTS, manifest, health check, plugin routing, and capability registry. No external actions or credential-heavy plugin activation performed."
RUN-20260630053754,2026-06-30,,hermes_delegation_findings_integrator,async_delegation_complete,,0,,0,3,0,,,,,,,SUCCESS,"Integrated deleg_ef1b50a4 findings: copied role capability standards into docs/ROLE_CAPABILITY_STANDARDS.md; expanded agent_capability_routing with extra Accio skills/plugins and additional virtual agents for sales follow-up, source health, learning review, and ChatGPT boardroom handoff; expanded plugin routing and docs. No external actions or credential-heavy plugins activated."
RUN-20260630055744,2026-06-30,05:57:44,90_plus_baseline_auditor,owner_goal,0,0,,0,0,0,baseline_snapshot,0,1,1,0,0,PARTIAL,90+ baseline snapshot saved to outputs/90_plus_baseline/runtime_baseline_20260630055744.json
RUN-20260630060655,2026-06-30,06:06:55,90_plus_implementation_verifier,owner_goal,0,0,,0,1,0,90_plus_safe_readiness_verification,0,1,0,0,0,SUCCESS,90+ safe-readiness baseline saved to outputs/90_plus_baseline/runtime_baseline_20260630060655.json
RUN-20260630083138,2026-06-30,08:31:38,owner_briefing_agent,manual_or_cron,0,0,0,0,0,0,generate_daily_brief,0,0,0,3,0,SUCCESS,Generated /Users/raghav/Downloads/tender_export_os_v3_1_runtime_system/scripts/../outputs/daily_briefs/brief_20260630.html; pending_approvals=2; risk_items=3
RUN-20260630083416,2026-06-30,08:34:16,hermes-chief-operator,scheduled_cron_morning_brief,4,0,0,0,13,3,safe_local_checks;rebuild_projection_dry_run;generate_approval_cards_json;generate_artifact_manifests;generate_daily_brief;kanban_readonly_status,0,0,0,5,0,SUCCESS,Morning operator brief cron: schemas passed; readiness found GOV-20260630-001 and EXP-20260630-001 blocked on one quote proof each; pending approvals APR-001/APR-002; projection dry-run plugin health differs from data register; no external sends/submissions/payments/DSC/classification/origin/price commitments.
RUN-20260630124511,2026-06-30,12:45:11,90_plus_external_integration_tester,owner_approved_external_probe,1,0,0,0,0,0,harmless_telegram_delivery_test;one_file_google_drive_sync_test,0,2,0,1,0,SUCCESS,Owner approved harmless external tests. Telegram receipt=receipts/mobile_delivery/SYSTEM-90PLUS-DELIVERY-TEST_20260630124345_final_retry.json; Drive receipt=receipts/drive_sync/SYSTEM-90PLUS-DELIVERY-TEST_20260630124313_google_drive_sync.json; no supplier/buyer/submission/payment/DSC/price/classification/origin action.
RUN-20260630125936,2026-06-30,12:59:36,codex_audit_operator,owner_requested_case_audit,1,0,0,1,11,1,reconciled_quote_proof_count;generated_audit_shortlist_compliance_drafts;created_APR-003;updated_manifest,1,0,0,5,0,SUCCESS,EXP-20260630-001 audit complete. RUN-004 quote count unsupported by quote_master; proof count is 1. Supplier search marked incomplete. Six approval-gated supplier drafts prepared but not sent. Compliance draft flags 0902.30 mismatch and 95% curcumin ambiguity.
RUN-20260630130138,2026-06-30,13:01:38,telegram_cron_delivery_configurator,owner_approved_option_a,1,0,0,0,0,0,set_telegram_home_channel;updated_5_cron_jobs_to_deliver_telegram;verified_home_send,0,1,0,0,0,SUCCESS,Option A complete: Telegram is permanent delivery target for 5 Tender Export OS cron jobs; receipt=receipts/mobile_delivery/SYSTEM-TELEGRAM-HOME-CRON-SETUP_20260630130044.json; no supplier/buyer/submission/payment/DSC/price/classification/origin action.
RUN-20260630130318,2026-06-30,13:03:18,midday_opportunity_radar,scheduled_cron_midday,4,0,0,0,1,0,mock_source_adapter_event;projection_rebuild_dry_run;schema_validate;case_workspaces_refresh;kanban_reconciliation_plan,0,0,0,2,0,SUCCESS_WITH_WARNINGS,"Midday opportunity radar cron: mock source adapter recorded 2 fixture opportunities (1 GOV/1 EXPORT) in output-only mode; projection rebuild dry-run completed; schemas passed; active case workspaces refreshed; Kanban reconciliation plan-only produced 4 actions. No external communications, submissions, payments, DSC, final classifications/origin claims, or price commitments. Warnings: dry-run projections differ from live registers (master_cases blank projection row; plugin_health missing mobile/Drive rows) and initial combined shell returned exit_code=1 despite successful component rechecks."
RUN-20260630130534,2026-06-30,13:05:34,agent_loop_scheduler,owner_requested_schedule_setup,0,0,0,0,0,0,updated_loop_schedule_targets;added_weekly_system_review_prompt;updated_daily_and_intraday_codex_automations;created_weekly_codex_automation,0,0,0,0,0,SUCCESS,"Proper scheduled tasks created with bounded supervised autonomy. Daily autopilot, intra-day monitor, and weekly system review are ACTIVE Codex cron automations for this workspace. No external communications, submissions, payments, DSC, final classifications/origin claims, price commitments, supplier commitments, or schedule side effects beyond the requested automation setup."
RUN-20260630130617,2026-06-30,13:06:17,owner_briefing_agent,manual_or_cron,0,0,0,0,0,0,generate_daily_brief,0,0,0,4,0,SUCCESS,Generated /Users/raghav/Downloads/tender_export_os_v3_1_runtime_system/scripts/../outputs/daily_briefs/brief_20260630.html; pending_approvals=3; risk_items=4
RUN-20260630130709,2026-06-30,13:07:09,hermes-chief-operator,kanban_task:t_3e0fdb1f,0,0,0,0,13,3,daily_system_health_check;source_health_note;generate_daily_brief;generate_source_health_report,0,0,0,4,0,SUCCESS_WITH_WARNINGS,"Kanban t_3e0fdb1f health check: 3 source issues (Tender Tiger, Alibaba RFQ, FIEO Connect); 1 plugin/runtime warning(s) (google_drive_external_sync). Note=outputs/source_health/source_health_note_20260630_130709.md; brief=outputs/daily_briefs/brief_20260630.html; event=EVT-20260630073709-9cc64579de; no external actions."
RUN-20260630130713,2026-06-30,13:07:13,pricing-compliance,kanban_task:t_bed80704,4,0,0,0,0,0,pricing_gate_check;no_pricing_waterfall_created_preconditions_failed,0,1,0,3,0,BLOCKED,No PRICING_READY cases. GOV-20260630-001 and EXP-20260630-001 each have 1 quote proof; EXP-20260630-002 has approval/pricing inconsistency. Gate check saved to outputs/pricing_compliance/pricing_gate_check_RUN-20260630130713.md.
RUN-20260630073733,2026-06-30,07:37:33,export_rfq_radar,kanban_task:t_fa1474ab,1,0,0,1,1,0,captured_alibaba_rfq_landing_html;created_rfq_evidence_intake_note;recorded_evidence_gap,0,0,0,2,0,BLOCKED,EXP-20260630-001 RFQ evidence intake captured only the generic Alibaba RFQ landing page; buyer-specific RFQ URL/attachment/screenshot or authenticated access is still missing; no external sends/submissions/payments/DSC/pricing/classification/origin commitments.
RUN-20260630130845,2026-06-30,13:08:45,export-rfq-radar,kanban_task:t_52b1aa18,1,0,0,1,0,0,intake_rfq_evidence;created_internal_evidence_report;hashed_evidence_bundle;updated_artifact_manifest,0,0,0,6,0,SUCCESS_WITH_WARNINGS,EXP-20260630-002 RFQ evidence intake complete from local registers only; source URL and buyer identity still missing; quote proof count is 1; APR-001 remains pending; no external communications/submissions/payments/DSC/pricing/classification/origin commitments.
RUN-20260630131024,2026-06-30,13:10:24,gov_tender_radar,kanban_task:t_c4ae55d2,1,0,0,1,1,0,source_evidence_intake;gem_all_bids_search;capture_case_evidence;generate_artifact_manifest,0,0,0,1,0,BLOCKED_EVIDENCE_GAP,GOV-20260630-001: captured GeM source evidence artifacts/hash manifest and refreshed artifact manifest; exact GeM searches did not verify the registered opportunity/buyer; needs specific GeM bid number/document URL/PDF or owner screenshot before downstream reliance.
RUN-20260630131129-DAILY-PREFLIGHT,2026-06-30,13:11:29,agent_loop_scheduler,scheduled_daily_morning_autopilot,0,0,0,0,0,0,validate_agent_loops;validate_loop_schedule;validate_register_schemas,0,0,0,0,0,SUCCESS,Preflight passed for daily_morning_autopilot. Validators and register schema checks passed.
RUN-20260630131129-DAILY-RADAR,2026-06-30,13:11:29,source_scan_loop,scheduled_daily_morning_autopilot,4,0,0,0,1,0,safe_output_only_mock_source_adapter_scan;dedupe_against_master_cases,0,0,0,1,0,SUCCESS_WITH_WARNINGS,Source adapter contract currently has only fixture-backed mock implementation. Output-only scan wrote outputs/source_scans daily morning mock JSON; no cases created and no external actions taken. Configured paywall/login sources remain skipped.
RUN-20260630131129-DAILY-FASTKILL,2026-06-30,13:11:29,case_progression_loop_fast_kill,scheduled_daily_morning_autopilot,0,0,0,0,0,0,process_NEW_cases;created_missing_no_go_note_for_existing_rejected_case,0,0,0,0,0,SUCCESS,No NEW cases found. Existing rejected case GOV-20260630-002 now has no_go_reason_note.txt based on local register evidence.
RUN-20260630131129-DAILY-DEEPREAD,2026-06-30,13:11:29,case_progression_loop_deep_read,scheduled_daily_morning_autopilot,2,0,0,0,0,0,review_surviving_case_evidence;no_status_change,0,0,0,2,0,SUCCESS_WITH_WARNINGS,GOV-20260630-001 and EXP-20260630-001 already deep_read_done TRUE. Evidence gaps remain: GOV deep_read report file absent; EXP buyer RFQ attachment remains missing/generic.
RUN-20260630131129-DAILY-SUPPLIER,2026-06-30,13:11:29,supplier_proof_loop,scheduled_daily_morning_autopilot,2,0,0,0,0,0,check_supplier_proof_gates;refresh_pending_approval_awareness,0,0,0,2,0,BLOCKED,GOV-20260630-001 and EXP-20260630-001 each have only 1 quote proof. Supplier quote requests are approval-gated; APR-002 and APR-003 remain PENDING. No supplier contact made.
RUN-20260630131129-DAILY-COMPLIANCE,2026-06-30,13:11:29,compliance_draft_loop,scheduled_daily_morning_autopilot,2,0,0,0,0,0,review_export_compliance_drafts;draft_only_no_final_classification,0,0,0,2,0,SUCCESS_WITH_WARNINGS,EXP-20260630-001 compliance draft exists and remains draft-only. EXP-20260630-002 still lacks original buyer/RFQ evidence; HSN/ITC-HS 8306 remains candidate only. No SCOMET flag recorded.
RUN-20260630131129-DAILY-PRICING,2026-06-30,13:11:29,pricing_pack_approval_loop,scheduled_daily_morning_autopilot,4,0,0,0,0,0,pricing_gate_check;no_pricing_or_pack_generated,0,0,0,3,0,BLOCKED,No case newly eligible for pricing: GOV-20260630-001 and EXP-20260630-001 have 1 quote proof each; EXP-20260630-002 approval/pricing evidence remains inconsistent and pending. No final price/terms/delivery committed.
RUN-20260630131129-DAILY-APPROVAL,2026-06-30,13:11:29,approval_gate_loop,scheduled_daily_morning_autopilot,3,0,0,0,0,0,checked_pending_approval_cards;generate_approval_cards_skipped_existing,0,0,0,3,0,SUCCESS_WITH_WARNINGS,"APR-001, APR-002, APR-003 remain PENDING with existing approval cards. Generic card generator skipped 3 existing cards; no owner decision inferred and no gated action executed."
RUN-20260630131129,2026-06-30,13:11:29,owner_briefing_agent,manual_or_cron,0,0,0,0,0,0,generate_daily_brief,0,0,0,4,0,SUCCESS,Generated /Users/raghav/Downloads/tender_export_os_v3_1_runtime_system/scripts/../outputs/daily_briefs/brief_20260630.html; pending_approvals=3; risk_items=4
RUN-20260630131142-WSR1,2026-06-30,13:11:42,agent_loop_scheduler,scheduled_weekly_system_review,4,0,0,0,13,3,validators_passed;schedule_and_registry_audit;projection_dry_run;gate_consistency_review,0,0,0,7,0,SUCCESS_WITH_WARNINGS,Weekly phase schedule_and_registry_audit complete: validators passed; no loop schedule drift; projection dry-run drift found; 3 pending approvals; no external actions.
RUN-20260630131142-WSR2,2026-06-30,13:11:42,owner_briefing_agent,scheduled_weekly_system_review,4,0,0,0,13,3,weekly_owner_summary;brief_20260630_html;staged_recommendations_only,0,0,0,6,0,SUCCESS_WITH_WARNINGS,Weekly owner summary written to outputs/daily_briefs/brief_20260630.html; owner action needed on APR-001/APR-002/APR-003; no approval decisions or external actions written.
RUN-20260630_131158,2026-06-30,13:11:58,learning_review_agent,kanban_weekly_learning_review,4,0,0,0,13,3,weekly_review;staged_memory_proposal;staged_skill_proposals;generated_chatgpt_snapshot;prepared_chatgpt_packet;kanban_readonly_health_check;created_followup_tasks,0,0,0,5,0,BLOCKED_PENDING_OWNER_APPROVAL,"Weekly review complete; artifacts=outputs/weekly_reviews/weekly_learning_review_20260630.md, data/chatgpt_snapshot.md, packet=outputs/chatgpt_bridge/to_chatgpt/20260630_131158_weekly_learning_review; 24 unassigned Kanban tasks found; follow-up tasks t_9d8eaf8f and t_25ce5d82 created; memory/skill updates staged only pending owner approval."
RUN-20260630131159,2026-06-30,13:11:59,owner_briefing_agent,manual_or_cron,0,0,0,0,0,0,generate_daily_brief,0,0,0,4,0,SUCCESS,Generated /Users/raghav/Downloads/tender_export_os_v3_1_runtime_system/scripts/../outputs/daily_briefs/brief_20260630.html; pending_approvals=3; risk_items=4
RUN-20260630131218,2026-06-30,13:12:18,pricing-compliance,kanban_task:t_bed80704,4,0,0,0,0,0,pricing_gate_check;no_pricing_waterfall_created_preconditions_failed,0,1,0,4,0,BLOCKED,No PRICING_READY cases. GOV-20260630-001 and EXP-20260630-001 each have 1 quote proof; EXP-20260630-002 has approval/pricing inconsistency. Gate check saved to outputs/pricing_compliance/pricing_gate_check_RUN-20260630131218.md.
RUN-20260630131229,2026-06-30,13:12:30,external_task_intake,cron_or_manual_safe_external_intake,0,0,0,0,5,0,public_source_probes;external_task_inbox_review;local_reports;schema_valid_events,0,1,0,1,1,SUCCESS_WITH_WARNINGS,Safe external intake report=outputs/external_intake/external_intake_report_20260630_131229.md; inbox_pending=0; no supplier/buyer/submission/payment/DSC/final classification/origin/price action.
RUN-20260630131438,2026-06-30,13:14:38,cron_external_task_upgrade,owner_requested_cron_upgrade,0,0,0,0,5,0,added_safe_external_task_intake;updated_event_schema;updated_5_telegram_cron_prompts;validated_schemas_and_adapters,0,1,0,1,0,SUCCESS,"Cron jobs upgraded to run public read-only external source probes and data/external_task_inbox.csv review. No supplier/buyer communications, submissions, payments, DSC, final classification/origin claims, or price commitments. Warning: one public source was blocked/login-like in smoke test."
RUN-20260630131453,2026-06-30,13:14:53,export_rfq_radar,kanban_task:t_86c809f2,0,4,0,0,16,6,scanned_export_sources;created_new_exp_cases;updated_source_health;wrote_scan_reports,0,0,0,"Blocked/changed sources: India Business Portal (DGFT), Indian Trade Portal (ITP), Global Sources, EC21, African Development Bank Tenders, IndiaMart — Buyer Leads; login/manual sources skipped where configured; no external sends/submissions/registrations performed.",,SUCCESS_WITH_WARNINGS,"Export RFQ batch scan complete. Cases created: EXP-20260630-003, EXP-20260630-004, EXP-20260630-005, EXP-20260630-006. Reports: outputs/source_scans/export_scan_probe_20260630_130537.json, outputs/source_scans/export_candidate_details_20260630_130726.json."
RUN-20260630073827,2026-06-30,07:38:27,supplier_engine_5_3_2_kanban,kanban_task_t_22d7c0d2,2,0,0,2,7,0,5_3_2_supplier_reconciliation;captured_public_quote_proofs;updated_supplier_and_quote_registers;generated_supplier_shortlists,0,0,0,"Public listing prices are indicative quote proofs, not formal supplier-requested quotes; no external supplier RFQ/contact sent; EXP-20260630-001 COA/spec ambiguity remains",0,SUCCESS_WITH_WARNINGS,Updated GOV-20260630-001 and EXP-20260630-001 supplier/quote registers for 5-3-2 evidence; Q-004 and Q-005 are public web-listed price proofs; APR-002/APR-003 remain approval gates for formal supplier outreach.
RUN-20260630131554,2026-06-30,13:15:54,gov_tender_radar,kanban_task:t_26ca3cf8,5,5,0,0,12,3,scan_sources.gov.yaml;create_NEW_master_case_rows;update_source_health;append_event_ledger;handoff_fast_kill_status_NEW,0,0,0,4,10,SUCCESS_WITH_WARNINGS,"GOV batch scan complete. Created 5 NEW cases: GOV-20260630-003, GOV-20260630-004, GOV-20260630-005, GOV-20260630-006, GOV-20260630-007. Report: outputs/source_scans/gov_radar_batch_20260630131554.json. Fast Kill should process NEW rows next."
RUN-20260630132628,2026-06-30,13:26:28,demand_signal_delivery_fix,owner_reported_no_demand_signal,12,0,0,0,28,0,generated_demand_signal_digest;sent_owner_telegram_digest;updated_morning_midday_evening_cron_prompts;updated_cron_config;patched_operator_skill,0,1,0,0,0,SUCCESS,"Found 12 active demand signals already in master_cases, including 6 EXPORT and 6 GOV. Root issue was poor surfacing/delivery, not complete absence. Added explicit DEMAND SIGNALS FOUND section and digest script. No external business action executed."
RUN-20260630132654-HERMES-AUDIT,2026-06-30,13:26:54,hermes_setup_auditor,owner_requested_hermes_audit,13,0,0,0,0,0,read_only_hermes_status;cron_audit;kanban_audit;gateway_log_review;dependency_check;audit_report,0,0,0,7,0,SUCCESS_WITH_WARNINGS,Hermes setup audit saved to outputs/system_health/hermes_setup_audit_20260630_132654.md. Findings: gateway stopped; cron will not fire; TenderOS jobs deliver local despite Telegram config; external intake deps missing; many unassigned Kanban tasks; config migration pending; API_SERVER_KEY errors in gateway logs. No services or schedules changed.
RUN-20260630135003,2026-06-30,13:50:03,codex_research_handoff,hermes_routed_research_to_codex,0,0,0,0,0,0,codex_demand-signal-audit_handoff,0,1,0,0,0,DRY_RUN,Codex research handoff task=demand-signal-audit; output=outputs/codex_research/demand-signal-audit_20260630_135003_codex_report.md; stdout=outputs/codex_research/demand-signal-audit_20260630_135003_codex_stdout.log; no external business action authorized.
RUN-20260630135003-CODEX-REPORT,2026-06-30,13:50:03,codex_research_worker,hermes_routed_research_to_codex,13,0,0,0,28,0,repo_local_demand_signal_audit;wrote_codex_report;recommended_deep_read_fast_kill_only,0,1,0,0,0,SUCCESS,"Demand signal audit report saved to outputs/codex_research/demand-signal-audit_20260630_135003_codex_report.md. Validated 9 fresh evidence-backed public-source signals (4 export, 5 gov); excluded mock fixture rows and flagged weak/internal-only rows. No external business action executed."
RUN-20260630135003,2026-06-30,13:50:03,codex_research_handoff,hermes_routed_research_to_codex,0,0,0,0,0,0,codex_demand-signal-audit_handoff,0,1,0,0,363,SUCCESS,Codex research handoff task=demand-signal-audit; output=outputs/codex_research/demand-signal-audit_20260630_135003_codex_report.md; stdout=outputs/codex_research/demand-signal-audit_20260630_135003_codex_stdout.log; no external business action authorized.
RUN-20260630135657-CODEX-REPORT,2026-06-30,14:00:22,codex_research_worker,hermes_routed_research_to_codex,13,0,0,0,28,0,repo_local_demand_signal_audit;wrote_codex_research_report;recommended_deep_read_fast_kill_only,0,1,0,0,0,SUCCESS,"Demand signal audit report saved to outputs/codex_research/demand-signal-audit_20260630_135657_codex_research_report.md. Validated 9 fresh evidence-backed public-source signals (4 export, 5 gov); demoted weak/internal/mock rows; no external business action executed."
RUN-20260630135657,2026-06-30,13:56:57,codex_research_handoff,hermes_routed_research_to_codex,0,0,0,0,0,0,codex_demand-signal-audit_handoff,0,1,0,0,334,SUCCESS,Codex research handoff task=demand-signal-audit; report=outputs/codex_research/demand-signal-audit_20260630_135657_codex_research_report.md; final=outputs/codex_research/demand-signal-audit_20260630_135657_codex_final_message.md; stdout=outputs/codex_research/demand-signal-audit_20260630_135657_codex_stdout.log; no external business action authorized.
RUN-20260630143445,2026-06-30,14:34:45,codex_app_server_runtime,owner_requested_drive_context_setup,0,0,0,0,0,0,created_drive_project_context_folder;updated_instructions_sync_policy_setup_state_and_event_log,0,1,0,0,0,SUCCESS,"Created Drive folder Tender Export OS - Knowledge Bus/00_Project_Context with Instructions, State Snapshots, and Context Receipts subfolders. Updated AGENTS.md, Drive docs, sync policy, setup/sync scripts, setup state, and data/events.jsonl. No public sharing, file upload, buyer/supplier outreach, payment, DSC use, final price, classification, or origin claim executed."
RUN-20260630143650-BUYER-DEMAND,2026-06-30,14:36:50,buyer_verification_agent,manual,6,0,0,6,0,0,verify_buyer_demand,0,6,0,0,0,SUCCESS,Buyer/RFQ demand stages refreshed; no external actions.
RUN-20260630143650-BUYER-HORIZON,2026-06-30,14:36:50,buyer_research_agent,manual,0,0,0,0,84,0,research_buyer_horizon,0,1,0,0,0,SUCCESS,Generated public-source buyer research horizon; no external actions.
RUN-20260630143656-BUYER-BRIEF,2026-06-30,14:36:56,owner_briefing_agent,manual,6,0,0,0,0,0,generate_buyer_demand_brief,0,2,0,4,0,SUCCESS,Buyer demand brief generated; verified=2; weak_or_blocked=4
